계좌유형,금융기관명,금융기관명(영문),도로주소,도시,국가
category_2,subject,comment_1,etc_4,etc_3,etc_1
증권/연금/펀드 (Securities/Pension/Fund),케이티비자산운용,KTB Asset Management,"66 Yeoui-daero, Yeongdeungpo-gu",Seoul,KR
보험사 (Insurance),DB생명,"DB Life Insurance Co., Ltd","432 Teheran-ro, Gangnam-gu",Seoul,KR
증권/연금/펀드 (Securities/Pension/Fund),한양증권,"Hanyang Securities Co., Ltd.","7 Gukjegeumyung-ro 6-gil, Yeongdeungpo-gu",Seoul,KR
증권/연금/펀드 (Securities/Pension/Fund),유화증권,"Yuhwa Securities Co., Ltd.","36 Gukjegeumyung-ro 2-gil, Yeongdeungpo-gu",Seoul,KR
증권/연금/펀드 (Securities/Pension/Fund),NH투자증권,"NH Investment & Securities Co., Ltd.","60 Yeoui-daero, Yeongdeungpo-gu",Seoul,KR
은행 (Bank),대신저축은행,Daishin Savings Bank,"343 Samil-daero, Jung-gu",Seoul,KR
증권/연금/펀드 (Securities/Pension/Fund),교보악사자산운용,"Kyobo Axa Investment Managers co, Ltd.","1 Jong-ro, Jongno-gu",Seoul,KR
증권/연금/펀드 (Securities/Pension/Fund),신한 BNP 파리바자산운용,"Shinhan BNP Paribas Asset Management Co., Ltd","70 Yeoui-daero, Yeongdeungpo-gu",Seoul,KR
은행 (Bank),애큐온저축은행,Acuon Savings Bank,"514 Seolleung-ro, Gangnam-gu",Seoul,KR
은행 (Bank),키움 YES저축은행,Kiwoom YES Savings Bank,"422 Nonhyeon-ro, Gangnam-gu",Seoul,KR
은행 (Bank),키움저축은행,Kiwoom Savings Bank,"157, Bucheon-ro",Bucheon-si,KR
증권/연금/펀드 (Securities/Pension/Fund),우리종합금융,Woori Investment Bank,"48 Sogong-ro, Jung-gu",Seoul,KR
은행 (Bank),한국수출입은행,The Export-Import Bank of Korea,"38 Eunhaeng-ro, Yeongdeungpo-gu",Seoul,KR
보험사 (Insurance),SBI 저축은행,SBI Savings Bank,"9fl, 26 Eulji-ro 5-gil, Jung-gu",Seoul,KR
보험사 (Insurance),OK저축은행,OK Savings Bank,"10fl, 39 Sejong-daero, Jung-gu",Seoul,KR
보험사 (Insurance),웰컴저축은행,Welcome Savings Bank,"300 Digital-ro, Guro-gu",Seoul,KR
보험사 (Insurance),페퍼저축은행,Pepper Savings Bank,"13fl, 55 Bundang-ro, Bundang-gu",Seongnam-si,KR
보험사 (Insurance),KEB하나,KEB Hana Bank ,"35, Eulji-ro, Jung-gu",Seoul,KR
보험사 (Insurance),SC제일은행,Standard Chartered Bank Korea Limited,"47, Jong-ro, Jongno-gu",Seoul,KR
보험사 (Insurance),BNK경남은행,BNK Kyongnam Bank ,"642, 3.15 Daero, Masanhoewon-gu",Changwon-si,KR
보험사 (Insurance),광주은행,Kwangju Bank ,"225, Jebong-ro, Dong-gu",Gwangju,KR
보험사 (Insurance),IBK 기업은행,Industrial Bank of Korea ,"79, Eulji-ro, Jung-gu",Seoul,KR
보험사 (Insurance),NH 농협은행,Nonghyup Bank ,"16, Saemunan-ro, Jung-gu",Seoul,KR
보험사 (Insurance),대구은행,Daegu Bank ,"2310, Dalgubeol-daero, Suseong-gu",Daegu,KR
보험사 (Insurance),도이치은행,Deutsche Bank AG Seoul Branch,"26 Ujeongguk-ro, Jongno-gu",Seoul,KR
보험사 (Insurance),뱅크오브아메리카,Bank Of America Seoul Branch,"136, Sejong-daero, Jung-gu",Seoul,KR
보험사 (Insurance),부산은행,Busan Bank ,"30, Munhyeongeumyung-ro, Nam-gu",Busan,KR
보험사 (Insurance),비엔피파리바,BNP Paribas Seoul Branch,"24F & 25F, State Tower Namsan, 100, Toegye-ro (Hoehyeon-dong 2-ga), Jung-gu",Seoul,KR
보험사 (Insurance),산림조합중앙회,National Forestry Cooperative Federation,"166, Seokchonhosu-ro, Songpa-gu",Seoul,KR
보험사 (Insurance),KDB 산업은행,The Korea Development Bank ,"14, Eunhaeng-ro, Yeongdeungpo-gu",Seoul,KR
보험사 (Insurance),수협은행,National Federation of Fisheries Cooperatives ,"62, Ogeum-ro, Songpa-gu",Seoul,KR
보험사 (Insurance),신한은행,Shinhan Bank,"20, Sejong-daero 9-gil, Jung-gu",Seoul,KR
보험사 (Insurance),우리은행,Woori Bank ,"51, Sogong-ro, Jung-gu",Seoul,KR
보험사 (Insurance),우체국,Korea Post Office,"70, Sogong-ro, Jung-gu",Seoul,KR
보험사 (Insurance),전북은행,Jeonbuk Bank ,"566 Baekje-daero, Deokjin-gu",Jeonju-si,KR
보험사 (Insurance),제이피모간체이스,"JP Morgan Chase Bank, Korea - Republic of, Seoul Branch","35, Seosomun-ro 11-gil, Jung-gu",Seoul,KR
보험사 (Insurance),제주은행,Jeju Bank ,"90, Ohyeon-gil",Jeju-si,KR
보험사 (Insurance),중국공상은행,"Industrial and Commercial BanK of China, Korea","73, Sejong-daero, Jung-gu",Seoul,KR
보험사 (Insurance),카카오뱅크,Kakao Bank ,"231, Pangyoyeok-ro, Bundang-gu",Seongnam-si,KR
보험사 (Insurance),케이뱅크,K Bank ,"50, Jong-ro 1-gil, Jongno-gu",Seoul,KR
보험사 (Insurance),한국씨티,Citibank Korea Inc. ,"24, Cheonggyecheon-ro, Jung-gu",Seoul,KR
보험사 (Insurance),홍콩상하이(HSBC),The Hongkong and Shanghai Banking Corporation Limited,"37, Chilpae-ro, Jung-gu",Seoul,KR
보험사 (Insurance),상호저축은행중앙회,KOREA FEDERATION OF SAVINGS BANKS,"11~13F 163, Mapo-daero, Mapo-gu",Seoul,KR
보험사 (Insurance),새마을금고,MG Korean Federation of Community Credit Cooperatives,"20, Bongeunsa-ro 114-gil , Gangnam-gu",Seoul,KR
보험사 (Insurance),신용협동조합,National Credit Union Federation of Korea,"745, Hanbat-daero, Seo-gu",Daejeon,KR
증권/연금/펀드 (Securities/Pension/Fund),SBI 저축은행,SBI Savings Bank,"9fl, 26 Eulji-ro 5-gil, Jung-gu",Seoul,KR
증권/연금/펀드 (Securities/Pension/Fund),OK저축은행,OK Savings Bank,"10fl, 39 Sejong-daero, Jung-gu",Seoul,KR
증권/연금/펀드 (Securities/Pension/Fund),웰컴저축은행,Welcome Savings Bank,"300 Digital-ro, Guro-gu",Seoul,KR
증권/연금/펀드 (Securities/Pension/Fund),페퍼저축은행,Pepper Savings Bank,"13fl, 55 Bundang-ro, Bundang-gu",Seongnam-si,KR
증권/연금/펀드 (Securities/Pension/Fund),KEB하나,KEB Hana Bank ,"66 Eulji-ro, Jung-gu",Seoul,KR
증권/연금/펀드 (Securities/Pension/Fund),SC제일은행,Standard Chartered Bank Korea Limited,"47, Jong-ro, Jongno-gu",Seoul,KR
증권/연금/펀드 (Securities/Pension/Fund),BNK경남은행,BNK Kyongnam Bank ,"642, 3.15 Daero, Masanhoewon-gu",Changwon-si,KR
증권/연금/펀드 (Securities/Pension/Fund),광주은행,Kwangju Bank ,"225, Jebong-ro, Dong-gu",Gwangju,KR
증권/연금/펀드 (Securities/Pension/Fund),IBK 기업은행,Industrial Bank of Korea ,"79, Eulji-ro, Jung-gu",Seoul,KR
증권/연금/펀드 (Securities/Pension/Fund),NH 농협은행,Nonghyup Bank ,"16, Saemunan-ro, Jung-gu",Seoul,KR
증권/연금/펀드 (Securities/Pension/Fund),대구은행,Daegu Bank ,"2310, Dalgubeol-daero, Suseong-gu",Daegu,KR
증권/연금/펀드 (Securities/Pension/Fund),도이치은행,Deutsche Bank AG Seoul Branch,"26 Ujeongguk-ro, Jongno-gu",Seoul,KR
증권/연금/펀드 (Securities/Pension/Fund),뱅크오브아메리카,Bank Of America Seoul Branch,"136, Sejong-daero, Jung-gu",Seoul,KR
증권/연금/펀드 (Securities/Pension/Fund),부산은행,Busan Bank ,"30, Munhyeongeumyung-ro, Nam-gu",Busan,KR
증권/연금/펀드 (Securities/Pension/Fund),비엔피파리바,BNP Paribas Seoul Branch,"24F & 25F, State Tower Namsan, 100, Toegye-ro (Hoehyeon-dong 2-ga), Jung-gu",Seoul,KR
증권/연금/펀드 (Securities/Pension/Fund),산림조합중앙회,National Forestry Cooperative Federation,"166, Seokchonhosu-ro, Songpa-gu",Seoul,KR
증권/연금/펀드 (Securities/Pension/Fund),KDB 산업은행,The Korea Development Bank ,"14, Eunhaeng-ro, Yeongdeungpo-gu",Seoul,KR
증권/연금/펀드 (Securities/Pension/Fund),수협은행,National Federation of Fisheries Cooperatives ,"62, Ogeum-ro, Songpa-gu",Seoul,KR
증권/연금/펀드 (Securities/Pension/Fund),신한은행,Shinhan Bank,"20, Sejong-daero 9-gil, Jung-gu",Seoul,KR
증권/연금/펀드 (Securities/Pension/Fund),우리은행,Woori Bank ,"51, Sogong-ro, Jung-gu",Seoul,KR
증권/연금/펀드 (Securities/Pension/Fund),우체국,Korea Post Office,"70, Sogong-ro, Jung-gu",Seoul,KR
증권/연금/펀드 (Securities/Pension/Fund),전북은행,Jeonbuk Bank ,"565, Baekje-daero, Deokjin-gu",Jeonju-si,KR
증권/연금/펀드 (Securities/Pension/Fund),제이피모간체이스,"JP Morgan Chase Bank, Korea - Republic of, Seoul Branch","35, Seosomun-ro 11-gil, Jung-gu",Seoul,KR
증권/연금/펀드 (Securities/Pension/Fund),제주은행,Jeju Bank ,"90, Ohyeon-gil",Jeju-si,KR
증권/연금/펀드 (Securities/Pension/Fund),중국공상은행,"Industrial and Commercial BanK of China, Korea","73, Sejong-daero, Jung-gu",Seoul,KR
증권/연금/펀드 (Securities/Pension/Fund),카카오뱅크,Kakao Bank ,"231, Pangyoyeok-ro, Bundang-gu",Seongnam-si,KR
증권/연금/펀드 (Securities/Pension/Fund),케이뱅크,K Bank ,"50, Jong-ro 1-gil, Jongno-gu",Seoul,KR
증권/연금/펀드 (Securities/Pension/Fund),한국씨티,Citibank Korea Inc. ,"24, Cheonggyecheon-ro, Jung-gu",Seoul,KR
증권/연금/펀드 (Securities/Pension/Fund),홍콩상하이(HSBC),The Hongkong and Shanghai Banking Corporation Limited,"37, Chilpae-ro, Jung-gu",Seoul,KR
증권/연금/펀드 (Securities/Pension/Fund),상호저축은행중앙회,KOREA FEDERATION OF SAVINGS BANKS,"11~13F 163, Mapo-daero, Mapo-gu",Seoul,KR
증권/연금/펀드 (Securities/Pension/Fund),새마을금고,MG Korean Federation of Community Credit Cooperatives,"20, Bongeunsa-ro 114-gil , Gangnam-gu",Seoul,KR
증권/연금/펀드 (Securities/Pension/Fund),신용협동조합,National Credit Union Federation of Korea,"745, Hanbat-daero, Seo-gu",Daejeon,KR
증권/연금/펀드 (Securities/Pension/Fund),KB국민은행,Kookmin Bank ,"26 Gukjegeumyung-ro 8-gil, Yeongdeungpo-gu",Seoul,KR
은행 (Bank),페퍼저축은행,Pepper Savings Bank,"13fl, 55 Bundang-ro, Bundang-gu",Seongnam-si,KR
은행 (Bank),웰컴저축은행,Welcome Savings Bank,"300 Digital-ro, Guro-gu",Seoul,KR
은행 (Bank),OK저축은행,OK Savings Bank,"10fl, 39 Sejong-daero, Jung-gu",Seoul,KR
은행 (Bank),SBI 저축은행,SBI Savings Bank,"9fl, 26 Eulji-ro 5-gil, Jung-gu",Seoul,KR
보험사 (Insurance),롯데손해,"LOTTE INSURANCE CO., LTD.","3, Sowol-ro, Jung-gu",Seoul,KR
보험사 (Insurance),MG손해,"MG NON-LIFE INSURANCE CO.,LTD.","335 Teheran-ro, Gangnam-gu",Seoul,KR
보험사 (Insurance),흥국화재,Heungkuk Fire & Marine Insurance,"68, Saemunan-ro, Jongno-gu",Seoul,KR
보험사 (Insurance),한화손해,"HANWHA GENERAL INSURANCE CO.,LTD.","56, Yeoui-daero, Yeongdeungpo-gu",Seoul,KR
보험사 (Insurance),더케이손해,"The-K NON-Life Insurance.,Ltd.","117, Changgyeonggung-ro, Jongno-gu",Seoul,KR
보험사 (Insurance),AXA손해(AXA다이렉트),"AXA General Insurance Co., Ltd.","4, Hangang-daero 71-gil, Yongsan-gu",Seoul,KR
보험사 (Insurance),AIG손해,"American International Group, Inc.","10, Gukjegeumyung-ro, Yeongdeungpo-gu",Seoul,KR
보험사 (Insurance),KB손해,"KB INSURANCE CO.,LTD. ","117, Teheran-ro, Gangnam-gu",Seoul,KR
보험사 (Insurance),ACE손해(에이스손해),ACE American Fire & Marine Insurance Company Korea,"50, Jong-ro 1-gil, Jongno-gu",Seoul,KR
보험사 (Insurance),동부화재(DB손해),"DB INSURANCE CO., LTD.","432, Teheran-ro, Gangnam-gu",Seoul,KR
보험사 (Insurance),현대해상(현대해상화재),"Hyundai Marine and Fire Insurance Co.,Ltd.","163, Sejong-daero, Jongno-gu",Seoul,KR
보험사 (Insurance),메리츠화재,"MERITZ Fire and Marine Insurance Co., Ltd.","382, Gangnam-daero, Gangnam-gu",Seoul,KR
보험사 (Insurance),농협손해(NH농협손해),"NongHyup Property and Casualty Insurance Co., Ltd.","60, Chungjeong-ro, Seodaemun-gu",Seoul,KR
보험사 (Insurance),삼성화재,"Samsung Fire and Marine Insurance Co.,Ltd.","14, Seocho-daero 74-gil, Seocho-gu",Seoul,KR
보험사 (Insurance),CHUBB생명(처브라이프생명),Chubb Life insurance Korea Co. Ltd.,"511, Samseong-ro, Gangnam-gu",Seoul,KR
보험사 (Insurance),DGB생명,"DGB LIFE INSURANCE Co.,Ltd.","125 Namdaemun-ro, Jung-gu",Seoul,KR
보험사 (Insurance),KDB생명,KDB LIFE INSURANCE,"372, Hangang-daero, Yongsan-gu",Seoul,KR
보험사 (Insurance),흥국생명,Heungkuk Life Insurance,"68, Saemunan-ro, Jongno-gu",Seoul,KR
보험사 (Insurance),AIA생명,AIA Group Limited and its subsidiaries.,"16, Tongil-ro 2-gil, Jung-gu",Seoul,KR
보험사 (Insurance),현대라이프생명(푸본현대생명),"FUBON HYUNDAI LIFE INSURANCE CO.,LTD","57, Yeouinaru-ro, Yeongdeungpo-gu",Seoul,KR
보험사 (Insurance),동부생명(DB생명),"DB LIFE INSURANCE CO., LTD. ","432, Teheran-ro, Gangnam-gu",Seoul,KR
보험사 (Insurance),메트라이프생명,"MetLife, Inc.","316, Teheran-ro, Gangnam-gu",Seoul,KR
보험사 (Insurance),KB생명,KB LIFE INSURANCE.,"28, Gukjegeumyung-ro 2-gil, Yeongdeungpo-gu",Seoul,KR
보험사 (Insurance),BNP파리바카디프생명,BNP PARIBAS CARDIF LIFE INSURANCE,"110, Huam-ro, Jung-gu",Seoul,KR
보험사 (Insurance),ING생명(오렌지라이프),"Orange Life Insurance, Ltd. ","37, Sejong-daero 7-gil, Jung-gu",Seoul,KR
보험사 (Insurance),하나생명,HANA LIFE,"66 Eulji-ro, Jung-gu",Seoul,KR
보험사 (Insurance),동양생명,"TONGYANG Life Insurance Co.,Ltd.","33, Jong-ro, Jongno-gu",Seoul,KR
보험사 (Insurance),미래에셋생명,"MIRAE ASSET LIFE INSURANCE CO., LTD.","56, Gukjegeumyung-ro, Yeongdeungpo-gu",Seoul,KR
보험사 (Insurance),라이나생명,"LINA Korea, a Cigna Company.","48, Sambong-ro, Jongno-gu",Seoul,KR
보험사 (Insurance),알리안츠생명(에이비엘생명),ABL Life Insurance,"147, Uisadang-daero, Yeongdeungpo-gu",Seoul,KR
보험사 (Insurance),교보생명,"KYOBO LIFE INSURANCE CO., LTD.","1, Jong-ro, Jongno-gu",Seoul,KR
보험사 (Insurance),농협생명(NH농협생명),"NongHyup Life Insurance Co.,Ltd.","87, Tongil-ro, Seodaemun-gu",Seoul,KR
보험사 (Insurance),한화생명,HANWHA LIFE,"50, 63-ro, Yeongdeungpo-gu",Seoul,KR
보험사 (Insurance),신한생명,SHINHAN LIFE INSURANCE ,"358, Samil-daero, Jung-gu",Seoul,KR
보험사 (Insurance),푸르덴셜생명,Prudential Life Insurance Company of Korea Ltd.,"298, Gangnam-daero, Gangnam-gu",Seoul,KR
보험사 (Insurance),삼성생명,SAMSUNG LIFE INSURANCE,"11, Seocho-daero 74-gil, Seocho-gu",Seoul,KR
증권/연금/펀드 (Securities/Pension/Fund),키움투자자산운용,KIWOOM ASSET MANAGEMENT.Co.Ltd.,"18, Yeouinaru-ro 4-gil, Yeongdeungpo-gu",Seoul,KR
증권/연금/펀드 (Securities/Pension/Fund),대신자산운용,"DAISHIN ASSET MANAGEMENT CO.,LTD.","24, Myeongdong 11-gil, Jung-gu",Seoul,KR
증권/연금/펀드 (Securities/Pension/Fund),빌리언폴드자산운용,BILLIONFOLD ASSET MANAGEMENT,"24 Yeoui-daero, Yeongdeungpo-gu",Seoul,KR
증권/연금/펀드 (Securities/Pension/Fund),씨앗자산운용 ,"SsiAat Asset Management Co., Ltd. ","50, Gangnam-daero 110-gil, Gangnam-gu",Seoul,KR
증권/연금/펀드 (Securities/Pension/Fund),타임폴리오자산운용,"TIMEFOLIO Co., Ltd.","24, Gukjegeumyung-ro 2-gil, Yeongdeungpo-gu",Seoul,KR
증권/연금/펀드 (Securities/Pension/Fund),라임자산운용,LIME ASSET MANAGEMENT.,"10, Gukjegeumyung-ro, Yeongdeungpo-gu",Seoul,KR
증권/연금/펀드 (Securities/Pension/Fund),한국투자밸류자산운용,"KOREA INVESTMENT VALUE ASSET MANAGEMENT Co.,Ltd.","70 Yeoui-daero, Yeongdeungpo-gu",Seoul,KR
증권/연금/펀드 (Securities/Pension/Fund),한화자산운용,"HANWHA ASSET MANAGEMENT CO.,LTD.","50, 63-ro, Yeongdeungpo-gu",Seoul,KR
증권/연금/펀드 (Securities/Pension/Fund),이지스자산운용,IGIS ASSET MANAGEMENT.,"115, Yeouigongwon-ro, Yeongdeungpo-gu",Seoul,KR
증권/연금/펀드 (Securities/Pension/Fund),메리츠자산운용,"Meritz Asset Management Co., Ltd.","104, Bukchon-ro, Jongno-gu",Seoul,KR
증권/연금/펀드 (Securities/Pension/Fund),삼성자산운용,SAMSUNG ASSET MANAGEMENT,"11, Seocho-daero 74-gil, Seocho-gu",Seoul,KR
증권/연금/펀드 (Securities/Pension/Fund),미래에셋자산운용,"Mirae Asset Global Investments Co., Ltd.","33, Jong-ro, Jongno-gu",Seoul,KR
증권/연금/펀드 (Securities/Pension/Fund),현대차증권,HYUNDAI MOTOR SECURITIES,"28, Gukjegeumyung-ro 2-gil, Yeongdeungpo-gu",Seoul,KR
증권/연금/펀드 (Securities/Pension/Fund),한화투자증권,"Hanwha Investment and Securities Co., Ltd.","56, Yeoui-daero, Yeongdeungpo-gu",Seoul,KR
증권/연금/펀드 (Securities/Pension/Fund),한국투자증권,"Korea Investment and Securities Co., Ltd.","88 Uisadang-daero, Yeongdeungpo-gu",Seoul,KR
증권/연금/펀드 (Securities/Pension/Fund),하이투자증권,"HI INVESTMENT and SECURITIES CO., LTD.","61, Yeouinaru-ro, Yeongdeungpo-gu",Seoul,KR
증권/연금/펀드 (Securities/Pension/Fund),하나금융투자,"Hana Financial Investment Co., Ltd.","82, Uisadang-daero, Yeongdeungpo-gu",Seoul,KR
증권/연금/펀드 (Securities/Pension/Fund),펀드온라인코리아,Fund Online Korea Co. Ltd,"143, Uisadang-daero, Yeongdeungpo-gu",Seoul,KR
증권/연금/펀드 (Securities/Pension/Fund),키움증권,"KIWOOM Securities Co., Ltd.","18, Yeouinaru-ro 4-gil, Yeongdeungpo-gu",Seoul,KR
증권/연금/펀드 (Securities/Pension/Fund),케이프투자증권,"CAPE Investment and Securities Co., Ltd.","25, Gukjegeumyung-ro 2-gil, Yeongdeungpo-gu",Seoul,KR
증권/연금/펀드 (Securities/Pension/Fund),케이티비투자증권,"KTB Investment and Securities Co., Ltd.","66, Yeoui-daero, Yeongdeungpo-gu",Seoul,KR
증권/연금/펀드 (Securities/Pension/Fund),이베스트투자증권,"eBEST INVESTMENT SECURITIES Co.,Ltd.","14, Yeoui-daero, Yeongdeungpo-gu",Seoul,KR
증권/연금/펀드 (Securities/Pension/Fund),유진투자증권,"EUGENE INVESTMENT & SECURITIES CO.,LTD.","24 Gukjegeumyung-ro, Yeongdeungpo-gu",Seoul,KR
증권/연금/펀드 (Securities/Pension/Fund),유안타증권,Yuanta Securities Korea Co. Ltd.,"76, Eulji-ro, Jung-gu",Seoul,KR
증권/연금/펀드 (Securities/Pension/Fund),신한금융투자,Shinhan Investment Corp.,"70, Yeoui-daero, Yeongdeungpo-gu",Seoul,KR
증권/연금/펀드 (Securities/Pension/Fund),신영증권,"SHINYOUNG SECURITIES CO., LTD","16, Gukjegeumyung-ro 8-gil, Yeongdeungpo-gu",Seoul,KR
증권/연금/펀드 (Securities/Pension/Fund),삼성증권,"Samsung Securities Co., Ltd.","11, Seocho-daero 74-gil, Seocho-gu",Seoul,KR
증권/연금/펀드 (Securities/Pension/Fund),부국증권,"BOOKOOK SECURITIES CO., LTD.","17, Gukjegeumyung-ro 6-gil, Yeongdeungpo-gu",Seoul,KR
증권/연금/펀드 (Securities/Pension/Fund),미래에셋대우,"Mirae Asset Daewoo Co., Ltd.","26, Eulji-ro 5-gil, Jung-gu",Seoul,KR
증권/연금/펀드 (Securities/Pension/Fund),메리츠증권,"MERITZ SECURITIES CO., LTD.","10 Gukjegeumyung-ro, Yeongdeungpo-gu",Seoul,KR
증권/연금/펀드 (Securities/Pension/Fund),대신증권,"DAISHIN SECURITIES CO., LTD.","343, Samil-daero, Jung-gu",Seoul,KR
증권/연금/펀드 (Securities/Pension/Fund),교보증권,"Kyobo Securities Co., Ltd.","97, Uisadang-daero, Yeongdeungpo-gu",Seoul,KR
증권/연금/펀드 (Securities/Pension/Fund),SK증권,"SK Securities Co., Ltd.","31, Gukjegeumyung-ro 8-gil, Yeongdeungpo-gu",Seoul,KR
증권/연금/펀드 (Securities/Pension/Fund),NH투자증권,"NH INVESTMENT and SECURITIES CO.,LTD.","60, Yeoui-daero, Yeongdeungpo-gu",Seoul,KR
증권/연금/펀드 (Securities/Pension/Fund),KB증권,"KB SECURITIES CO., LTD.","50, Yeouinaru-ro, Yeongdeungpo-gu",Seoul,KR
증권/연금/펀드 (Securities/Pension/Fund),DB금융투자,"DB Financial Investment Co.,Ltd.","32, Gukjegeumyung-ro 8-gil, Yeongdeungpo-gu",Seoul,KR
은행 (Bank),신용협동조합,National Credit Union Federation of Korea,"745, Hanbat-daero, Seo-gu",Daejeon,KR
은행 (Bank),새마을금고,MG Korean Federation of Community Credit Cooperatives,"20, Bongeunsa-ro 114-gil , Gangnam-gu",Seoul,KR
은행 (Bank),상호저축은행중앙회,KOREA FEDERATION OF SAVINGS BANKS,"11~13F 163, Mapo-daero, Mapo-gu",Seoul,KR
은행 (Bank),홍콩상하이(HSBC),The Hongkong and Shanghai Banking Corporation Limited,"37, Chilpae-ro, Jung-gu",Seoul,KR
은행 (Bank),한국씨티,Citibank Korea Inc. ,"24, Cheonggyecheon-ro, Jung-gu",Seoul,KR
은행 (Bank),케이뱅크,K Bank ,"50, Jong-ro 1-gil, Jongno-gu",Seoul,KR
은행 (Bank),카카오뱅크,Kakao Bank ,"231, Pangyoyeok-ro, Bundang-gu",Seongnam-si,KR
은행 (Bank),중국공상은행,"Industrial and Commercial BanK of China, Korea","73, Sejong-daero, Jung-gu",Seoul,KR
은행 (Bank),제주은행,Jeju Bank ,"90, Ohyeon-gil",Jeju-si,KR
은행 (Bank),제이피모간체이스,"JP Morgan Chase Bank, Korea - Republic of, Seoul Branch","35, Seosomun-ro 11-gil, Jung-gu",Seoul,KR
은행 (Bank),전북은행,Jeonbuk Bank ,"565, Baekje-daero, Deokjin-gu",Jeonju-si,KR
은행 (Bank),우체국,Korea Post Office,"70, Sogong-ro, Jung-gu",Seoul,KR
은행 (Bank),우리은행,Woori Bank ,"51, Sogong-ro, Jung-gu",Seoul,KR
은행 (Bank),신한은행,Shinhan Bank,"20, Sejong-daero 9-gil, Jung-gu",Seoul,KR
은행 (Bank),수협은행,National Federation of Fisheries Cooperatives ,"62, Ogeum-ro, Songpa-gu",Seoul,KR
은행 (Bank),KDB 산업은행,The Korea Development Bank ,"14, Eunhaeng-ro, Yeongdeungpo-gu",Seoul,KR
은행 (Bank),산림조합중앙회,National Forestry Cooperative Federation,"166, Seokchonhosu-ro, Songpa-gu",Seoul,KR
은행 (Bank),비엔피파리바,BNP Paribas Seoul Branch,"24F & 25F, State Tower Namsan, 100, Toegye-ro (Hoehyeon-dong 2-ga), Jung-gu",Seoul,KR
은행 (Bank),부산은행,Busan Bank ,"30, Munhyeongeumyung-ro, Nam-gu",Busan,KR
은행 (Bank),뱅크오브아메리카,Bank Of America Seoul Branch,"136, Sejong-daero, Jung-gu",Seoul,KR
은행 (Bank),도이치은행,Deutsche Bank AG Seoul Branch,"26 Ujeongguk-ro, Jongno-gu",Seoul,KR
은행 (Bank),대구은행,Daegu Bank ,"2310, Dalgubeol-daero, Suseong-gu",Daegu,KR
은행 (Bank),NH 농협은행,Nonghyup Bank ,"16, Saemunan-ro, Jung-gu",Seoul,KR
은행 (Bank),IBK 기업은행,Industrial Bank of Korea ,"79, Eulji-ro, Jung-gu",Seoul,KR
은행 (Bank),광주은행,Kwangju Bank ,"225, Jebong-ro, Dong-gu",Gwangju,KR
은행 (Bank),BNK경남은행,BNK Kyongnam Bank ,"642, 3.15 Daero, Masanhoewon-gu",Changwon-si,KR
은행 (Bank),SC제일은행,Standard Chartered Bank Korea Limited,"47, Jong-ro, Jongno-gu",Seoul,KR
은행 (Bank),KEB하나,KEB Hana Bank ,"35, Eulji-ro, Jung-gu",Seoul,KR
은행 (Bank),KB국민은행,Kookmin Bank ,"26 Gukjegeumyung-ro 8-gil, Yeongdeungpo-gu",Seoul,KR
